{"cameraMode":{"drawMode":0,"name":"Shaded","section":"Shading Mode"},"sceneLighting":true,"audioPlay":false,"sceneViewState":{"m_AlwaysRefresh":false,"showFog":true,"showSkybox":true,"showFlares":true,"showImageEffects":true,"showParticleSystems":true,"showVisualEffectGraphs":true,"m_FxEnabled":true},"in2DMode":false,"pivot":{"x":15.380868911743164,"y":-25.21455192565918,"z":0.24366089701652528},"rotation":{"x":0.34767094254493716,"y":0.6138719916343689,"z":-0.3450004458427429,"w":0.6192140579223633},"size":15.046099662780762,"orthographic":false}